,Labels,Predicted,Status
0,Face,Non_Face,Failed
1,Face,Face,Succeeded
2,Face,Face,Succeeded
3,Face,Face,Succeeded
4,Face,Face,Succeeded
5,Face,Face,Succeeded
6,Face,Face,Succeeded
7,Face,Face,Succeeded
8,Face,Face,Succeeded
9,Face,Face,Succeeded
10,Face,Face,Succeeded
11,Face,Face,Succeeded
12,Face,Face,Succeeded
13,Face,Face,Succeeded
14,Face,Face,Succeeded
15,Face,Non_Face,Failed
16,Face,Face,Succeeded
17,Face,Face,Succeeded
18,Face,Face,Succeeded
19,Face,Face,Succeeded
20,Face,Face,Succeeded
21,Face,Non_Face,Failed
22,Face,Face,Succeeded
23,Face,Face,Succeeded
24,Face,Face,Succeeded
25,Face,Face,Succeeded
26,Face,Face,Succeeded
27,Face,Face,Succeeded
28,Face,Face,Succeeded
29,Face,Face,Succeeded
30,Face,Face,Succeeded
31,Face,Face,Succeeded
32,Face,Face,Succeeded
33,Face,Face,Succeeded
34,Face,Face,Succeeded
35,Face,Face,Succeeded
36,Face,Face,Succeeded
37,Face,Face,Succeeded
38,Face,Face,Succeeded
39,Face,Face,Succeeded
40,Face,Face,Succeeded
41,Face,Face,Succeeded
42,Face,Face,Succeeded
43,Face,Face,Succeeded
44,Face,Face,Succeeded
45,Face,Face,Succeeded
46,Face,Face,Succeeded
47,Face,Face,Succeeded
48,Face,Face,Succeeded
49,Face,Face,Succeeded
50,Face,Face,Succeeded
51,Face,Face,Succeeded
52,Face,Face,Succeeded
53,Face,Face,Succeeded
54,Face,Face,Succeeded
55,Face,Face,Succeeded
56,Face,Face,Succeeded
57,Face,Face,Succeeded
58,Face,Face,Succeeded
59,Face,Non_Face,Failed
60,Face,Non_Face,Failed
61,Face,Non_Face,Failed
62,Face,Face,Succeeded
63,Face,Face,Succeeded
64,Face,Non_Face,Failed
65,Face,Non_Face,Failed
66,Face,Non_Face,Failed
67,Face,Face,Succeeded
68,Face,Face,Succeeded
69,Face,Face,Succeeded
70,Face,Non_Face,Failed
71,Face,Face,Succeeded
72,Face,Non_Face,Failed
73,Face,Face,Succeeded
74,Face,Non_Face,Failed
75,Face,Face,Succeeded
76,Face,Non_Face,Failed
77,Face,Face,Succeeded
78,Face,Face,Succeeded
79,Face,Face,Succeeded
80,Face,Face,Succeeded
81,Face,Face,Succeeded
82,Face,Face,Succeeded
83,Face,Face,Succeeded
84,Face,Face,Succeeded
85,Face,Face,Succeeded
86,Face,Non_Face,Failed
87,Face,Face,Succeeded
88,Face,Face,Succeeded
89,Face,Face,Succeeded
90,Face,Face,Succeeded
91,Face,Face,Succeeded
92,Face,Face,Succeeded
93,Face,Face,Succeeded
94,Face,Face,Succeeded
95,Face,Face,Succeeded
96,Face,Non_Face,Failed
97,Face,Face,Succeeded
98,Face,Face,Succeeded
99,Face,Non_Face,Failed
100,Face,Face,Succeeded
101,Face,Face,Succeeded
102,Face,Face,Succeeded
103,Face,Face,Succeeded
104,Face,Face,Succeeded
105,Face,Face,Succeeded
106,Face,Face,Succeeded
107,Face,Face,Succeeded
108,Face,Face,Succeeded
109,Face,Face,Succeeded
110,Face,Face,Succeeded
111,Face,Face,Succeeded
112,Face,Face,Succeeded
113,Face,Face,Succeeded
114,Face,Face,Succeeded
115,Face,Face,Succeeded
116,Face,Face,Succeeded
117,Face,Face,Succeeded
118,Face,Face,Succeeded
119,Face,Face,Succeeded
120,Face,Face,Succeeded
121,Face,Face,Succeeded
122,Face,Face,Succeeded
123,Face,Face,Succeeded
124,Face,Face,Succeeded
125,Face,Face,Succeeded
126,Face,Face,Succeeded
127,Face,Face,Succeeded
128,Face,Face,Succeeded
129,Face,Face,Succeeded
130,Face,Face,Succeeded
131,Face,Face,Succeeded
132,Face,Face,Succeeded
133,Face,Face,Succeeded
134,Face,Face,Succeeded
135,Face,Non_Face,Failed
136,Face,Face,Succeeded
137,Face,Non_Face,Failed
138,Face,Non_Face,Failed
139,Face,Face,Succeeded
140,Face,Face,Succeeded
141,Face,Face,Succeeded
142,Face,Face,Succeeded
143,Face,Face,Succeeded
144,Face,Face,Succeeded
145,Face,Face,Succeeded
146,Face,Face,Succeeded
147,Face,Face,Succeeded
148,Face,Face,Succeeded
149,Face,Face,Succeeded
150,Face,Face,Succeeded
151,Face,Face,Succeeded
152,Face,Face,Succeeded
153,Face,Face,Succeeded
154,Face,Face,Succeeded
155,Face,Non_Face,Failed
156,Face,Face,Succeeded
157,Face,Face,Succeeded
158,Face,Face,Succeeded
159,Face,Face,Succeeded
160,Face,Face,Succeeded
161,Face,Face,Succeeded
162,Face,Face,Succeeded
163,Face,Face,Succeeded
164,Face,Face,Succeeded
165,Face,Face,Succeeded
166,Face,Face,Succeeded
167,Face,Face,Succeeded
168,Face,Face,Succeeded
169,Face,Face,Succeeded
170,Face,Non_Face,Failed
171,Face,Non_Face,Failed
172,Face,Face,Succeeded
173,Face,Face,Succeeded
174,Face,Face,Succeeded
175,Face,Face,Succeeded
176,Face,Face,Succeeded
177,Face,Face,Succeeded
178,Face,Face,Succeeded
179,Face,Face,Succeeded
180,Face,Face,Succeeded
181,Face,Face,Succeeded
182,Face,Face,Succeeded
183,Face,Face,Succeeded
184,Face,Face,Succeeded
185,Face,Face,Succeeded
186,Face,Face,Succeeded
187,Face,Face,Succeeded
188,Face,Face,Succeeded
189,Face,Face,Succeeded
190,Face,Face,Succeeded
191,Face,Face,Succeeded
192,Face,Face,Succeeded
193,Face,Face,Succeeded
194,Face,Face,Succeeded
195,Face,Face,Succeeded
196,Face,Face,Succeeded
197,Face,Face,Succeeded
198,Face,Face,Succeeded
199,Face,Face,Succeeded
200,Non_Face,Face,Failed
201,Non_Face,Non_Face,Succeeded
202,Non_Face,Face,Failed
203,Non_Face,Face,Failed
204,Non_Face,Face,Failed
205,Non_Face,Non_Face,Succeeded
206,Non_Face,Non_Face,Succeeded
207,Non_Face,Non_Face,Succeeded
208,Non_Face,Face,Failed
209,Non_Face,Non_Face,Succeeded
210,Non_Face,Non_Face,Succeeded
211,Non_Face,Non_Face,Succeeded
212,Non_Face,Non_Face,Succeeded
213,Non_Face,Face,Failed
214,Non_Face,Non_Face,Succeeded
215,Non_Face,Non_Face,Succeeded
216,Non_Face,Non_Face,Succeeded
217,Non_Face,Face,Failed
218,Non_Face,Face,Failed
219,Non_Face,Non_Face,Succeeded
220,Non_Face,Face,Failed
221,Non_Face,Non_Face,Succeeded
222,Non_Face,Face,Failed
223,Non_Face,Face,Failed
224,Non_Face,Face,Failed
225,Non_Face,Face,Failed
226,Non_Face,Non_Face,Succeeded
227,Non_Face,Face,Failed
228,Non_Face,Non_Face,Succeeded
229,Non_Face,Non_Face,Succeeded
230,Non_Face,Non_Face,Succeeded
231,Non_Face,Face,Failed
232,Non_Face,Non_Face,Succeeded
233,Non_Face,Face,Failed
234,Non_Face,Non_Face,Succeeded
235,Non_Face,Face,Failed
236,Non_Face,Face,Failed
237,Non_Face,Face,Failed
238,Non_Face,Non_Face,Succeeded
239,Non_Face,Face,Failed
240,Non_Face,Non_Face,Succeeded
241,Non_Face,Non_Face,Succeeded
242,Non_Face,Face,Failed
243,Non_Face,Non_Face,Succeeded
244,Non_Face,Non_Face,Succeeded
245,Non_Face,Non_Face,Succeeded
246,Non_Face,Non_Face,Succeeded
247,Non_Face,Face,Failed
248,Non_Face,Non_Face,Succeeded
249,Non_Face,Non_Face,Succeeded
250,Non_Face,Non_Face,Succeeded
251,Non_Face,Non_Face,Succeeded
252,Non_Face,Non_Face,Succeeded
253,Non_Face,Non_Face,Succeeded
254,Non_Face,Non_Face,Succeeded
255,Non_Face,Non_Face,Succeeded
256,Non_Face,Non_Face,Succeeded
257,Non_Face,Non_Face,Succeeded
258,Non_Face,Non_Face,Succeeded
259,Non_Face,Non_Face,Succeeded
260,Non_Face,Non_Face,Succeeded
261,Non_Face,Non_Face,Succeeded
262,Non_Face,Non_Face,Succeeded
263,Non_Face,Non_Face,Succeeded
264,Non_Face,Non_Face,Succeeded
265,Non_Face,Non_Face,Succeeded
266,Non_Face,Non_Face,Succeeded
267,Non_Face,Non_Face,Succeeded
268,Non_Face,Non_Face,Succeeded
269,Non_Face,Non_Face,Succeeded
270,Non_Face,Non_Face,Succeeded
271,Non_Face,Non_Face,Succeeded
272,Non_Face,Non_Face,Succeeded
273,Non_Face,Non_Face,Succeeded
274,Non_Face,Non_Face,Succeeded
275,Non_Face,Non_Face,Succeeded
276,Non_Face,Non_Face,Succeeded
277,Non_Face,Non_Face,Succeeded
278,Non_Face,Non_Face,Succeeded
279,Non_Face,Non_Face,Succeeded
280,Non_Face,Face,Failed
281,Non_Face,Non_Face,Succeeded
282,Non_Face,Face,Failed
283,Non_Face,Non_Face,Succeeded
284,Non_Face,Non_Face,Succeeded
285,Non_Face,Face,Failed
286,Non_Face,Face,Failed
287,Non_Face,Face,Failed
288,Non_Face,Face,Failed
289,Non_Face,Non_Face,Succeeded
290,Non_Face,Non_Face,Succeeded
291,Non_Face,Face,Failed
292,Non_Face,Non_Face,Succeeded
293,Non_Face,Face,Failed
294,Non_Face,Face,Failed
295,Non_Face,Face,Failed
296,Non_Face,Non_Face,Succeeded
297,Non_Face,Face,Failed
298,Non_Face,Non_Face,Succeeded
299,Non_Face,Non_Face,Succeeded
